reservoir_size,density,input_scaling,spectral_radius,beta,training_time,rmse,nrmse
200,0.1,0.1,0.9,0.01,0.76700475,6.433819939957116,0.5192625327647608
200,0.1,0.1,0.9,0.001,0.7711994666666667,6.43211137007162,0.5191246370302783
200,0.1,0.1,0.9,0.0001,0.7797871,6.403288570879016,0.5167983985203735
200,0.1,0.1,0.95,0.01,0.7738499999999999,6.4233370022456215,0.5184164729064362
200,0.1,0.1,0.95,0.001,0.7578471166666667,6.421719868094161,0.5182859567926587
200,0.1,0.1,0.95,0.0001,0.7675825833333333,6.3946260208282,0.5160992590166935
200,0.1,0.1,1.0,0.01,0.7878938833333333,6.413289974990065,0.517605594630674
200,0.1,0.1,1.0,0.001,0.7821049333333333,6.410883701079842,0.5174113884053197
200,0.1,0.1,1.0,0.0001,0.7634503166666666,6.384716009987592,0.5152994390999343
200,0.1,0.2,0.9,0.01,0.7652152,6.468465620461573,0.5220587260023699
200,0.1,0.2,0.9,0.001,0.7735370166666667,6.462117926876389,0.5215464145794488
200,0.1,0.2,0.9,0.0001,0.7788848166666666,6.451712630144876,0.5207066209909745
200,0.1,0.2,0.95,0.01,0.7746533833333333,6.47032570716875,0.522208850398723
200,0.1,0.2,0.95,0.001,0.7667703499999999,6.464545350061021,0.5217423277263363
200,0.1,0.2,0.95,0.0001,0.78731635,6.456139578778214,0.5210639123950268
200,0.1,0.2,1.0,0.01,0.7720222833333333,6.472059374617737,0.5223487717143542
200,0.1,0.2,1.0,0.001,0.7835498833333333,6.4669718810400765,0.5219381688648473
200,0.1,0.2,1.0,0.0001,0.7742773,6.460418928141811,0.5214092913160822
200,0.1,0.3,0.9,0.01,0.7784536666666667,6.4862313809595245,0.5234925699518044
200,0.1,0.3,0.9,0.001,0.7686438333333334,6.48446896398028,0.523350328311073
200,0.1,0.3,0.9,0.0001,0.7786349666666667,6.48418842589562,0.5233276865651526
200,0.1,0.3,0.95,0.01,0.7680247,6.487768967470129,0.5236166659124145
200,0.1,0.3,0.95,0.001,0.7679206500000001,6.486089334662547,0.5234811056396809
200,0.1,0.3,0.95,0.0001,0.7758103166666667,6.485844203244164,0.5234613215048499
200,0.1,0.3,1.0,0.01,0.7728388666666667,6.489543989345555,0.5237599248726198
200,0.1,0.3,1.0,0.001,0.7856390999999999,6.487942308440327,0.5236306559637459
200,0.1,0.3,1.0,0.0001,0.7849006833333333,6.487716866469679,0.5236124609303501
200,0.15,0.1,0.9,0.01,0.7823403666666666,6.44785754887601,0.5203954840175486
200,0.15,0.1,0.9,0.001,0.77041405,6.437281278576802,0.5195418914467239
200,0.15,0.1,0.9,0.0001,0.7598648333333333,6.424123687884546,0.5184799649502251
200,0.15,0.1,0.95,0.01,0.7762108,6.45286385009368,0.5207995339714377
200,0.15,0.1,0.95,0.001,0.7819419,6.4445447745736955,0.5201281157059156
200,0.15,0.1,0.95,0.0001,0.7731123,6.4317306234778515,0.5190939076280776
200,0.15,0.1,1.0,0.01,0.7788951,6.457600399726331,0.5211818127392257
200,0.15,0.1,1.0,0.001,0.7857896333333334,6.451241186016428,0.5206685715468683
200,0.15,0.1,1.0,0.0001,0.78250205,6.4385390347751,0.519643402784502
200,0.15,0.2,0.9,0.01,0.7825489,6.466230184977007,0.5218783078522848
200,0.15,0.2,0.9,0.001,0.7751083666666666,6.454079924738874,0.5208976812628118
200,0.15,0.2,0.9,0.0001,0.7841735833333333,6.438584010639631,0.5196470327091111
200,0.15,0.2,0.95,0.01,0.7878286833333333,6.467098075283624,0.5219483537850248
200,0.15,0.2,0.95,0.001,0.7744492833333333,6.455264408216164,0.5209932788854023
200,0.15,0.2,0.95,0.0001,0.7760146,6.441295903601338,0.5198659049220459
200,0.15,0.2,1.0,0.01,0.7774363999999999,6.467855017845551,0.5220094453162663
200,0.15,0.2,1.0,0.001,0.7701557666666666,6.456364724765953,0.5210820835401515
200,0.15,0.2,1.0,0.0001,0.7746132,6.4439207169036505,0.520077749085562
200,0.15,0.3,0.9,0.01,0.7752517999999999,6.4881380140571965,0.5236464510272136
200,0.15,0.3,0.9,0.001,0.778857,6.48781562816339,0.5236204318166502
200,0.15,0.3,0.9,0.0001,0.7853312,6.486468594864973,0.5235117150777948
200,0.15,0.3,0.95,0.01,0.7856045,6.488146679527704,0.5236471504024224
200,0.15,0.3,0.95,0.001,0.78840935,6.487802967397269,0.5236194099880096
200,0.15,0.3,0.95,0.0001,0.7850486833333333,6.486421739715602,0.5235079334793412
200,0.15,0.3,1.0,0.01,0.7851522166666667,6.488218555310433,0.5236529513731261
200,0.15,0.3,1.0,0.001,0.7866375833333333,6.487849397078549,0.523623157247666
200,0.15,0.3,1.0,0.0001,0.7958852166666667,6.486418143721771,0.523507643252869
200,0.2,0.1,0.9,0.01,0.7842418999999999,6.419816862491276,0.5181323684861096
200,0.2,0.1,0.9,0.001,0.7882892666666667,6.4050543278441525,0.5169409097256171
200,0.2,0.1,0.9,0.0001,0.7869356333333334,6.4027986948955835,0.5167588614729783
200,0.2,0.1,0.95,0.01,0.7902529,6.424674859950133,0.5185244490989014
200,0.2,0.1,0.95,0.001,0.7911456166666666,6.41273415565771,0.5175607354090962
200,0.2,0.1,0.95,0.0001,0.7930938166666667,6.411604004929447,0.5174695228891562
200,0.2,0.1,1.0,0.01,0.79716685,6.43122032197143,0.5190527220718807
200,0.2,0.1,1.0,0.001,0.8013309999999999,6.42213553470807,0.5183195045295768
200,0.2,0.1,1.0,0.0001,0.7976682,6.421917286475211,0.5183018900903753
200,0.2,0.2,0.9,0.01,0.7965131833333333,6.460277142010384,0.5213978480014724
200,0.2,0.2,0.9,0.001,0.8020063333333333,6.452829161357997,0.5207967343032908
200,0.2,0.2,0.9,0.0001,0.80521855,6.438180926871425,0.5196145005120106
200,0.2,0.2,0.95,0.01,0.8059902666666667,6.462033912489119,0.521539633922867
200,0.2,0.2,0.95,0.001,0.7947464833333334,6.455251345460276,0.5209922246128595
200,0.2,0.2,0.95,0.0001,0.8037741833333333,6.44196500532843,0.519919906970709
200,0.2,0.2,1.0,0.01,0.79736425,6.463962539255812,0.521695290069445
200,0.2,0.2,1.0,0.001,0.7988565833333333,6.4577324835719985,0.5211924729990525
200,0.2,0.2,1.0,0.0001,0.7946719333333333,6.4458812034383515,0.5202359765791755
200,0.2,0.3,0.9,0.01,0.8005728166666667,6.4830590918411595,0.5232365399575495
200,0.2,0.3,0.9,0.001,0.7971710833333333,6.482928152479828,0.5232259720670834
200,0.2,0.3,0.9,0.0001,0.7978756833333333,6.482048477997514,0.5231549750538071
200,0.2,0.3,0.95,0.01,0.7967080833333333,6.483081955476852,0.5232383852422309
200,0.2,0.3,0.95,0.001,0.8112900833333333,6.482945689271705,0.5232273874313697
200,0.2,0.3,0.95,0.0001,0.7968912166666667,6.482011702280424,0.5231520069489831
200,0.2,0.3,1.0,0.01,0.8030524833333333,6.483273817594866,0.5232538701035219
200,0.2,0.3,1.0,0.001,0.7915950666666667,6.4831258183776255,0.5232419253414508
200,0.2,0.3,1.0,0.0001,0.8008637000000001,6.482114036617415,0.5231602661771727
250,0.1,0.1,0.9,0.01,0.98303385,6.350940996030981,0.512573515860716
250,0.1,0.1,0.9,0.001,0.9622978333333333,6.341427589731735,0.5118057052138113
250,0.1,0.1,0.9,0.0001,0.9638375499999999,6.323117546468125,0.5103279331392391
250,0.1,0.1,0.95,0.01,0.9618275333333333,6.347054247847812,0.5122598231051452
250,0.1,0.1,0.95,0.001,0.9431269333333333,6.33733514807899,0.5114754112923731
250,0.1,0.1,0.95,0.0001,0.9482646666666666,6.320514761157644,0.5101178668170268
250,0.1,0.1,1.0,0.01,0.9491777333333334,6.345840590928892,0.5121618709442972
250,0.1,0.1,1.0,0.001,0.95567655,6.335017752464875,0.5112883782813107
250,0.1,0.1,1.0,0.0001,0.97224005,6.319314532284141,0.5100209984106105
250,0.1,0.2,0.9,0.01,0.9589057166666667,6.415023850426596,0.5177455327326219
250,0.1,0.2,0.9,0.001,0.9594211666666667,6.394615284249945,0.5160983924859435
250,0.1,0.2,0.9,0.0001,0.9586101166666666,6.391270484992538,0.5158284394953097
250,0.1,0.2,0.95,0.01,0.95748575,6.420283765820339,0.5181700514501135
250,0.1,0.2,0.95,0.001,0.9666227166666667,6.39952660429475,0.5164947766728626
250,0.1,0.2,0.95,0.0001,0.9654244833333333,6.395726467432939,0.5161880741679539
250,0.1,0.2,1.0,0.01,0.9660423333333333,6.4261061908942025,0.5186399693556352
250,0.1,0.2,1.0,0.001,0.9735876166666666,6.405097980840304,0.5169444328837962
250,0.1,0.2,1.0,0.0001,0.9773091333333334,6.40074501347484,0.5165931123805295
250,0.1,0.3,0.9,0.01,0.9677044666666668,6.5210100940881635,0.5262995000235211
250,0.1,0.3,0.9,0.001,0.8832039500000001,6.500190033890958,0.524619148802752
250,0.1,0.3,0.9,0.0001,0.9247826666666668,6.462768041028916,0.5215988841736523
250,0.1,0.3,0.95,0.01,0.9613630333333333,6.512841807348604,0.5256402516609129
250,0.1,0.3,0.95,0.001,0.95714855,6.493603231399582,0.5240875393115924
250,0.1,0.3,0.95,0.0001,0.9583972500000001,6.455521571138783,0.5210140340622301
250,0.1,0.3,1.0,0.01,0.9627717333333333,6.505428277591701,0.5250419184352053
250,0.1,0.3,1.0,0.001,0.9568600833333334,6.487812116925861,0.5236201484307131
250,0.1,0.3,1.0,0.0001,0.9612160333333333,6.4492682246664454,0.5205093372323865
250,0.15,0.1,0.9,0.01,0.9522893666666667,6.359300837664065,0.5132482242890555
250,0.15,0.1,0.9,0.001,0.9231297666666667,6.348916893736234,0.5124101540486116
250,0.15,0.1,0.9,0.0001,0.9792704000000001,6.3263399451005355,0.5105880073861186
250,0.15,0.1,0.95,0.01,0.9672210666666667,6.361655885970816,0.5134382961841285
250,0.15,0.1,0.95,0.001,0.9654411166666667,6.352023878178841,0.5126609134148955
250,0.15,0.1,0.95,0.0001,0.9488572666666666,6.330595848247956,0.5109314940034246
250,0.15,0.1,1.0,0.01,0.9244160666666666,6.363836491702753,0.513614289119258
250,0.15,0.1,1.0,0.001,0.94761235,6.35521740717035,0.5129186576427515
250,0.15,0.1,1.0,0.0001,0.9617950333333333,6.334877319647472,0.5112770441903463
250,0.15,0.2,0.9,0.01,0.96767075,6.461843462399881,0.5215242630239879
250,0.15,0.2,0.9,0.001,0.9689739833333333,6.421229182036882,0.5182463543655977
250,0.15,0.2,0.9,0.0001,0.9560346000000001,6.408062008973975,0.5171836544924578
250,0.15,0.2,0.95,0.01,0.97525055,6.459679772981355,0.5213496353753958
250,0.15,0.2,0.95,0.001,0.9679169000000001,6.4200395416516995,0.5181503405378478
250,0.15,0.2,0.95,0.0001,0.97553765,6.407303542737813,0.5171224399880916
250,0.15,0.2,1.0,0.01,0.9719358166666667,6.45755864576323,0.5211784428487353
250,0.15,0.2,1.0,0.001,0.9655741333333334,6.418438261999183,0.5180211040133895
250,0.15,0.2,1.0,0.0001,0.9574191666666666,6.40600685116491,0.5170177862432489
250,0.15,0.3,0.9,0.01,0.9603462,6.527492519327178,0.5268226854063081
250,0.15,0.3,0.9,0.001,0.9692183833333333,6.515802059623928,0.5258791685265468
250,0.15,0.3,0.9,0.0001,0.9781755000000001,6.498989379510844,0.5245222460544295
250,0.15,0.3,0.95,0.01,0.9661172833333332,6.528977617441498,0.5269425451188028
250,0.15,0.3,0.95,0.001,0.9663968166666667,6.516820151107309,0.525961336937721
250,0.15,0.3,0.95,0.0001,0.9724171833333333,6.498228244076361,0.5244608161236614
250,0.15,0.3,1.0,0.01,0.96314585,6.5299759926951575,0.5270231222670138
250,0.15,0.3,1.0,0.001,0.9726078333333333,6.517363513441655,0.5260051907764318
250,0.15,0.3,1.0,0.0001,0.9070447666666667,6.49706089681088,0.5243666015352292
250,0.2,0.1,0.9,0.01,0.9602653,6.408519467783178,0.5172205752055209
250,0.2,0.1,0.9,0.001,0.9613617166666667,6.40094281643935,0.5166090767173152
250,0.2,0.1,0.9,0.0001,0.9666007333333333,6.38741358786492,0.5155171559670496
250,0.2,0.1,0.95,0.01,0.96723505,6.4027921941450465,0.5167583368085923
250,0.2,0.1,0.95,0.001,0.9574603333333334,6.3957333309415025,0.5161886281099158
250,0.2,0.1,0.95,0.0001,0.96963325,6.384058203278293,0.515246348652715
250,0.2,0.1,1.0,0.01,0.9640592333333333,6.398676423992655,0.5164261600841031
250,0.2,0.1,1.0,0.001,0.9502758666666666,6.392375345492828,0.5159176108844823
250,0.2,0.1,1.0,0.0001,0.9665909500000001,6.382688752253066,0.5151358226177167
250,0.2,0.2,0.9,0.01,0.9747221166666667,6.432643596828549,0.5191675921357036
250,0.2,0.2,0.9,0.001,0.9719784666666667,6.411522245948193,0.5174629242625116
250,0.2,0.2,0.9,0.0001,0.9816496166666667,6.406191411938926,0.5170326818256338
250,0.2,0.2,0.95,0.01,0.9791286833333334,6.436158688154365,0.5194512891060535
250,0.2,0.2,0.95,0.001,0.9509848166666667,6.415394342392703,0.5177754345014753
250,0.2,0.2,0.95,0.0001,0.953156,6.410702433762963,0.5173967586321914
250,0.2,0.2,1.0,0.01,0.9597452666666667,6.440473621090187,0.5197995399159728
250,0.2,0.2,1.0,0.001,0.9494052833333334,6.418961862981103,0.5180633629473614
250,0.2,0.2,1.0,0.0001,0.9456471666666667,6.414355962248756,0.51769162862743
250,0.2,0.3,0.9,0.01,0.9472889333333333,6.490175934616746,0.5238109280876848
250,0.2,0.3,0.9,0.001,0.9635074333333333,6.474925761729084,0.5225801128841744
250,0.2,0.3,0.9,0.0001,0.9539904,6.469103882171582,0.5221102390063393
250,0.2,0.3,0.95,0.01,0.9548126499999999,6.4892026466268735,0.5237323756893512
250,0.2,0.3,0.95,0.001,0.95089575,6.4731242111006715,0.5224347128339797
250,0.2,0.3,0.95,0.0001,0.9600203666666667,6.467012921530143,0.5219414811721573
250,0.2,0.3,1.0,0.01,0.9548462666666667,6.487889014478792,0.5236263546998458
250,0.2,0.3,1.0,0.001,0.9686586333333334,6.471106301039628,0.5222718507863987
250,0.2,0.3,1.0,0.0001,0.9598990333333333,6.464634136188534,0.5217494935018595
350,0.1,0.1,0.9,0.01,1.289254,6.338659550436445,0.5115823015269381
350,0.1,0.1,0.9,0.001,1.2956429833333334,6.311898131510669,0.5094224334700975
350,0.1,0.1,0.9,0.0001,1.3040832666666666,6.294094779139772,0.5079855555453048
350,0.1,0.1,0.95,0.01,1.2925042333333332,6.325813714333286,0.5105455362066995
350,0.1,0.1,0.95,0.001,1.2976933833333333,6.301582833596874,0.5085899035312855
350,0.1,0.1,0.95,0.0001,1.3096854833333333,6.286212155314366,0.507349362544784
350,0.1,0.1,1.0,0.01,1.3174515,6.3164422053372125,0.5097891778468848
350,0.1,0.1,1.0,0.001,1.2930270666666668,6.295994679262422,0.5081388932138896
350,0.1,0.1,1.0,0.0001,1.3117789833333333,6.284166080710207,0.507184227385408
350,0.1,0.2,0.9,0.01,1.2966676333333333,6.325757199946832,0.5105409750278475
350,0.1,0.2,0.9,0.001,1.3040577999999998,6.329606493673119,0.510851644898674
350,0.1,0.2,0.9,0.0001,1.3244239833333333,6.331655414929774,0.5110170098064729
350,0.1,0.2,0.95,0.01,1.3210139166666666,6.328271349913134,0.5107438877439999
350,0.1,0.2,0.95,0.001,1.3124739166666666,6.331863881559183,0.5110338347892972
350,0.1,0.2,0.95,0.0001,1.3119994499999998,6.333581859205061,0.5111724898079263
350,0.1,0.2,1.0,0.01,1.3110211666666667,6.332356360215901,0.5110735818939732
350,0.1,0.2,1.0,0.001,1.3294133333333333,6.335705774684946,0.511343907370394
350,0.1,0.2,1.0,0.0001,1.3176840666666665,6.337056889374455,0.5114529535112992
350,0.1,0.3,0.9,0.01,1.3199476166666666,6.355969580946257,0.5129793642934818
350,0.1,0.3,0.9,0.001,1.3171475000000001,6.359753542368071,0.5132847613064713
350,0.1,0.3,0.9,0.0001,1.31626835,6.366205018687361,0.51380544885522
350,0.1,0.3,0.95,0.01,1.3138022166666665,6.35632995161884,0.5130084491901569
350,0.1,0.3,0.95,0.001,1.3218297833333332,6.359670342272077,0.5132780463699367
350,0.1,0.3,0.95,0.0001,1.2577737666666666,6.366253755576279,0.5138093823256333
350,0.1,0.3,1.0,0.01,1.284644,6.356679497343081,0.5130366604238843
350,0.1,0.3,1.0,0.001,1.321992,6.359671439300651,0.5132781349092245
350,0.1,0.3,1.0,0.0001,1.30396125,6.366362475417623,0.5138181569168878
350,0.15,0.1,0.9,0.01,1.3136231333333332,6.2514111612288685,0.5045406342153916
350,0.15,0.1,0.9,0.001,1.3200715333333333,6.24619289037543,0.5041194765570648
350,0.15,0.1,0.9,0.0001,1.3192503833333333,6.257595313429212,0.5050397464946474
350,0.15,0.1,0.95,0.01,1.3162172666666665,6.244989559850237,0.5040223578216796
350,0.15,0.1,0.95,0.001,1.3439269166666667,6.240229228852952,0.5036381597008871
350,0.15,0.1,0.95,0.0001,1.3242701333333333,6.253095743044409,0.5046765939140389
350,0.15,0.1,1.0,0.01,1.3247980333333333,6.2409410381790185,0.5036956086063504
350,0.15,0.1,1.0,0.001,1.3260218833333333,6.23537885409947,0.503246694303525
350,0.15,0.1,1.0,0.0001,1.3567887333333333,6.246975859743432,0.5041826686670244
350,0.15,0.2,0.9,0.01,1.33624735,6.379148024912048,0.5148500566087073
350,0.15,0.2,0.9,0.001,1.2991093,6.374686796249052,0.5144899985224679
350,0.15,0.2,0.9,0.0001,1.3107993666666669,6.371975624533737,0.5142711845200878
350,0.15,0.2,0.95,0.01,1.3039773666666667,6.396882420247401,0.5162813691298577
350,0.15,0.2,0.95,0.001,1.3174945666666666,6.391028010373854,0.5158088697862093
350,0.15,0.2,0.95,0.0001,1.30923005,6.387461034402117,0.5155209852953966
350,0.15,0.2,1.0,0.01,1.3229688166666667,6.414596069446746,0.5177110072660812
350,0.15,0.2,1.0,0.001,1.2994756833333334,6.407264713524075,0.517119306149088
350,0.15,0.2,1.0,0.0001,1.3002720833333332,6.402752474916908,0.5167551311380584
350,0.15,0.3,0.9,0.01,1.3056406333333332,6.3699358767552114,0.5141065599879183
350,0.15,0.3,0.9,0.001,1.3153297666666668,6.368689541039563,0.5140059703776366
350,0.15,0.3,0.9,0.0001,1.3116164,6.376120133155338,0.5146056806769592
350,0.15,0.3,0.95,0.01,1.304759,6.374312481768807,0.514459788245078
350,0.15,0.3,0.95,0.001,1.2706971333333332,6.371317842737349,0.5142180960835467
350,0.15,0.3,0.95,0.0001,1.3044052333333334,6.377305599012143,0.5147013575857095
350,0.15,0.3,1.0,0.01,1.2727840833333335,6.380208863672984,0.5149356750790717
350,0.15,0.3,1.0,0.001,1.3254315,6.375073552996454,0.514521212993823
350,0.15,0.3,1.0,0.0001,1.3406346666666666,6.379589541728744,0.5148856906709962
350,0.2,0.1,0.9,0.01,1.349976,6.23868100065154,0.5035132048677295
350,0.2,0.1,0.9,0.001,1.3241254333333332,6.219562531850403,0.5019701861595732
350,0.2,0.1,0.9,0.0001,1.3378002833333333,6.211982199170877,0.5013583905571001
350,0.2,0.1,0.95,0.01,1.3203679000000001,6.2441871335237575,0.5039575953740927
350,0.2,0.1,0.95,0.001,1.3184593,6.223333313024018,0.502274519417418
350,0.2,0.1,0.95,0.0001,1.3279325166666667,6.213161974687644,0.5014536082083006
350,0.2,0.1,1.0,0.01,1.3197241333333334,6.248127519259535,0.5042756171242078
350,0.2,0.1,1.0,0.001,1.3232606,6.22697057131299,0.5025680762730772
350,0.2,0.1,1.0,0.0001,1.3125937833333334,6.214419765381302,0.50155512233014
350,0.2,0.2,0.9,0.01,1.31228275,6.370667028995419,0.5141655700266868
350,0.2,0.2,0.9,0.001,1.3137412,6.371182452952479,0.5142071690070575
350,0.2,0.2,0.9,0.0001,1.3122878500000001,6.375142027154922,0.5145267394252878
350,0.2,0.2,0.95,0.01,1.3304621833333334,6.367525499066049,0.5139120225536297
350,0.2,0.2,0.95,0.001,1.32090825,6.367462962786538,0.5139069753581547
350,0.2,0.2,0.95,0.0001,1.3099734666666667,6.371163029352689,0.5142056013617525
350,0.2,0.2,1.0,0.01,1.3165496166666666,6.363412282443348,0.5135800519201263
350,0.2,0.2,1.0,0.001,1.3155947166666666,6.362830847767238,0.513533125328246
350,0.2,0.2,1.0,0.0001,1.3168663833333334,6.366242448426594,0.5138084697450453
350,0.2,0.3,0.9,0.01,1.3189792999999999,6.386593942344773,0.5154510037879814
350,0.2,0.3,0.9,0.001,1.2930631333333333,6.392499882402051,0.5159276620440593
350,0.2,0.3,0.9,0.0001,1.3244707833333333,6.3984915459959275,0.5164112388992194
350,0.2,0.3,0.95,0.01,1.31118475,6.39007347516671,0.5157318308926903
350,0.2,0.3,0.95,0.001,1.2402467,6.394388076906721,0.5160800549723659
350,0.2,0.3,0.95,0.0001,1.3103417166666667,6.400531604487888,0.5165758885085353
350,0.2,0.3,1.0,0.01,1.31662005,6.393800239722382,0.516032611645067
350,0.2,0.3,1.0,0.001,1.3219741999999999,6.39637284716287,0.5162402423633377
350,0.2,0.3,1.0,0.0001,1.3182226166666666,6.402608850854371,0.5167435394871923
450,0.1,0.1,0.9,0.01,1.7694241333333334,6.175186630852833,0.4983886835746766
450,0.1,0.1,0.9,0.001,1.7766171666666668,6.193855726045462,0.4998954341124008
450,0.1,0.1,0.9,0.0001,1.7580895666666665,6.202549602437823,0.5005971019111846
450,0.1,0.1,0.95,0.01,1.7654197,6.182135954581845,0.4989495515309149
450,0.1,0.1,0.95,0.001,1.7608479166666666,6.198426889226633,0.5002643648243709
450,0.1,0.1,0.95,0.0001,1.776422,6.204343191983838,0.5007418594361225
450,0.1,0.1,1.0,0.01,1.7870434333333334,6.187819281551667,0.49940824306789
450,0.1,0.1,1.0,0.001,1.7526447333333333,6.200960994744088,0.5004688881187073
450,0.1,0.1,1.0,0.0001,1.7489506833333333,6.203789864084264,0.5006972012937959
450,0.1,0.2,0.9,0.01,1.72435245,6.325613437149637,0.510529372179946
450,0.1,0.2,0.9,0.001,1.7255094166666667,6.325047012825853,0.5104836570477644
450,0.1,0.2,0.9,0.0001,1.7414723166666666,6.319566366672089,0.5100413235305772
450,0.1,0.2,0.95,0.01,1.7328222999999998,6.323958755829319,0.5103958256988003
450,0.1,0.2,0.95,0.001,1.7507556666666666,6.323977799113282,0.5103973626494696
450,0.1,0.2,0.95,0.0001,1.7290974833333335,6.31934043909434,0.5100230893046681
450,0.1,0.2,1.0,0.01,1.74658335,6.3218886171436575,0.5102287483688278
450,0.1,0.2,1.0,0.001,1.7980996166666665,6.322579753891696,0.5102845288261024
450,0.1,0.2,1.0,0.0001,1.7180767333333333,6.318793318352332,0.5099789321313443
450,0.1,0.3,0.9,0.01,1.73613365,6.334445405596114,0.5112421851507185
450,0.1,0.3,0.9,0.001,1.7453762166666666,6.359265069808179,0.5132453375269744
450,0.1,0.3,0.9,0.0001,1.75838735,6.371149759549049,0.5142045303787421
450,0.1,0.3,0.95,0.01,1.7629056333333333,6.336739754442678,0.5114273580968424
450,0.1,0.3,0.95,0.001,1.7447197833333334,6.361872189890179,0.5134557537011346
450,0.1,0.3,0.95,0.0001,1.7610319666666667,6.374039566837284,0.5144377617507256
450,0.1,0.3,1.0,0.01,1.7573413,6.339122506445991,0.5116196659095784
450,0.1,0.3,1.0,0.001,1.7635580666666668,6.364591847274093,0.5136752525672208
450,0.1,0.3,1.0,0.0001,1.7201451333333333,6.376795956922928,0.5146602252499402
450,0.15,0.1,0.9,0.01,1.7574489166666667,6.268870639268031,0.5059497586347839
450,0.15,0.1,0.9,0.001,1.7455005666666668,6.269237588446969,0.5059793744713832
450,0.15,0.1,0.9,0.0001,1.7621271,6.276519318113562,0.5065670703386705
450,0.15,0.1,0.95,0.01,1.6913974833333334,6.27224807723066,0.506222345839135
450,0.15,0.1,0.95,0.001,1.7623197166666666,6.2725609827072635,0.5062475999015447
450,0.15,0.1,0.95,0.0001,1.7706620333333334,6.280728637510385,0.5069067972616507
450,0.15,0.1,1.0,0.01,1.7500028833333334,6.273516726537219,0.5063247363409303
450,0.15,0.1,1.0,0.001,1.7378185166666666,6.274455826797416,0.5064005295064496
450,0.15,0.1,1.0,0.0001,1.7486721,6.2837961334385595,0.5071543695779067
450,0.15,0.2,0.9,0.01,1.76440395,6.332494906043392,0.5110847636892298
450,0.15,0.2,0.9,0.001,1.7462414833333333,6.346849286674424,0.5122432810416425
450,0.15,0.2,0.9,0.0001,1.7514197166666667,6.349074817037674,0.512422899766436
450,0.15,0.2,0.95,0.01,1.7356403833333334,6.32765877090752,0.5106944475468943
450,0.15,0.2,0.95,0.001,1.7602869833333334,6.341217094078767,0.5117887164719882
450,0.15,0.2,0.95,0.0001,1.7432764333333333,6.342247379648613,0.5118718690468912
450,0.15,0.2,1.0,0.01,1.7692655166666666,6.322587781687912,0.5102851767357167
450,0.15,0.2,1.0,0.001,1.7587131666666667,6.33507952237633,0.5112933636245391
450,0.15,0.2,1.0,0.0001,1.7604988166666666,6.334990848723469,0.5112862069266514
450,0.15,0.3,0.9,0.01,1.7667155833333332,6.356262421764563,0.5130029989718579
450,0.15,0.3,0.9,0.001,1.7493190333333333,6.3778370171801795,0.5147442474313171
450,0.15,0.3,0.9,0.0001,1.7670429833333332,6.3950428918350495,0.5161329039580926
450,0.15,0.3,0.95,0.01,1.7562846,6.357663986547545,0.5131161168529669
450,0.15,0.3,0.95,0.001,1.6869116166666667,6.379407432087231,0.5148709929152966
450,0.15,0.3,0.95,0.0001,1.7325329,6.397250685359605,0.5163110911731658
450,0.15,0.3,1.0,0.01,1.6955586166666667,6.358467875193428,0.5131809973218358
450,0.15,0.3,1.0,0.001,1.7882551666666666,6.380448436116431,0.5149550105586042
450,0.15,0.3,1.0,0.0001,1.7168897666666667,6.398970283927236,0.5164498770135995
450,0.2,0.1,0.9,0.01,1.7499912333333334,6.1899184898930315,0.4995776665597363
450,0.2,0.1,0.9,0.001,1.7371607,6.198913195412682,0.5003036137595639
450,0.2,0.1,0.9,0.0001,1.7500499666666667,6.226843574255567,0.5025578265591737
450,0.2,0.1,0.95,0.01,1.7777230833333335,6.177001355643349,0.4985351468888179
450,0.2,0.1,0.95,0.001,1.7558768,6.186762328260837,0.49932293818712986
450,0.2,0.1,0.95,0.0001,1.7674934166666667,6.212596181883631,0.5014079440449928
450,0.2,0.1,1.0,0.01,1.7457271,6.166033932366281,0.49764998503444496
450,0.2,0.1,1.0,0.001,1.74708785,6.176374238611732,0.49848453335265797
450,0.2,0.1,1.0,0.0001,1.7535598000000001,6.199708385453939,0.5003677921790264
450,0.2,0.2,0.9,0.01,1.73284605,6.302194477998675,0.5086392682981261
450,0.2,0.2,0.9,0.001,1.75404205,6.3104031643036675,0.5093017772401203
450,0.2,0.2,0.9,0.0001,1.7518788666666665,6.314127729742263,0.5096023805055431
450,0.2,0.2,0.95,0.01,1.73904605,6.301799128574899,0.5086073603266515
450,0.2,0.2,0.95,0.001,1.7461221166666665,6.309506400909862,0.5092294010102126
450,0.2,0.2,0.95,0.0001,1.7706878833333335,6.312333724230029,0.5094575894086876
450,0.2,0.2,1.0,0.01,1.7556732833333333,6.302959159182331,0.5087009844002067
450,0.2,0.2,1.0,0.001,1.7501960666666667,6.3102909282494135,0.5092927188613743
450,0.2,0.2,1.0,0.0001,1.6820496833333332,6.312130837332755,0.5094412147564396
450,0.2,0.3,0.9,0.01,1.7543294166666668,6.374562724030774,0.5144799848672973
450,0.2,0.3,0.9,0.001,1.7670148833333335,6.40227831569045,0.5167168625630651
450,0.2,0.3,0.9,0.0001,1.7629776,6.410980143012907,0.517419172067731
450,0.2,0.3,0.95,0.01,1.7655531333333334,6.37314527509014,0.5143655850031656
450,0.2,0.3,0.95,0.001,1.74660745,6.401887916243287,0.5166853540956826
450,0.2,0.3,0.95,0.0001,1.7446663666666666,6.410548324325136,0.5173843207247343
450,0.2,0.3,1.0,0.01,1.7797584,6.3707225727143815,0.5141700528646365
450,0.2,0.3,1.0,0.001,1.7506376666666665,6.400470721559597,0.5165709747521913
450,0.2,0.3,1.0,0.0001,1.7922629833333334,6.409033389647441,0.5172620529545675
